HTML,HTML Structure,15 days
HTML,Forms and Input,15 days
HTML,HTML5 Semantic Elements,15 days
HTML,Accessibility in HTML,15 days
HTML,Canvas and SVG,15 days
HTML,HTML Forms and Validation,15 days
HTML,Responsive Design in HTML,15 days
CSS,Basic Styling,15 days
CSS,Layout Techniques,15 days
CSS,Responsive Design,15 days
CSS,CSS Box Model,15 days
CSS,CSS Flexbox,15 days
CSS,CSS Grid,15 days
CSS,CSS Transitions and Animations,15 days
CSS,CSS Preprocessors (SASS/LESS),15 days
CSS,CSS Frameworks (Bootstrap/Tailwind),15 days
CSS,Advanced CSS Selectors,15 days
JavaScript,JS Syntax and Variables,25days
JavaScript,DOM Manipulation,25days
JavaScript,Event Handling,25days
JavaScript,Asynchronous JavaScript (Promises),25days
JavaScript,ES6+ Features,25days
JavaScript,Error Handling and Debugging,25days
JavaScript,Local Storage and Session Storage,25days
JavaScript,AJAX and Fetch API,25days
Frontend Frameworks,React.js,25 days
Frontend Frameworks,Vue.js,25 days
Frontend Frameworks,Angular,25 days
CSS Frameworks,Bootstrap,25 days
CSS Frameworks,Tailwind CSS,25 days
JavaScript Libraries,jQuery,25 days
JavaScript Libraries,D3.js,25 days
git,Version Control,20 Days
git,Repositories,20 Days
git,Branching,20 Days
git,Commits,20 Days
git,Merging,20 Days
git,Pull Requests,20 Days
git,Forks and Clones,20 Days
git,Conflicts,20 Days
git,.gitignore,20 Days
git,Remote Repositories,20 Days
